City_ID,City,Lat,Lng,Max Temp,Humidity,Cloudiness,Wind Speed,Country,Date
0,waitangi,-43.9535,-176.5597,13.79,78,21,1.34,NZ,1738566108
1,khandyga,62.6667,135.6,-40.78,99,100,0.55,RU,1738566109
2,talnakh,69.4865,88.3972,-23.37,95,100,2.45,RU,1738566110
3,kaa-khem,51.6833,94.7333,-13.83,91,100,1.25,RU,1738566112
4,krasnovishersk,60.4078,57.082,-6.79,94,100,3.8,RU,1738566113
5,burang,30.25,81.1667,-0.28,35,0,2.89,CN,1738566114
6,usinsk,65.9939,57.5281,-20.01,80,0,6.94,RU,1738566115
7,college,64.8569,-147.8028,-11.01,51,100,0.0,US,1738566116
8,jamestown,42.097,-79.2353,0.57,99,100,3.09,US,1738565884
9,gangtok,27.3333,88.6167,18.1,52,4,2.87,IN,1738566119
10,constantia,44.1833,28.65,5.39,88,100,5.15,RO,1738566120
11,coquimbo,-29.9533,-71.3436,15.85,82,0,1.54,CL,1738566107
12,puerto natales,-51.7236,-72.4875,5.47,96,99,2.02,CL,1738566122
13,marka,1.7159,44.7717,28.26,53,12,9.93,SO,1738566123
14,grytviken,-54.2811,-36.5092,6.03,68,100,3.21,GS,1738566125
15,vorgashor,67.5833,63.95,-26.91,88,11,3.32,RU,1738566126
16,abidjan,5.3094,-4.0197,24.98,88,20,0.0,CI,1738566010
17,nar'yan-mar,67.6713,53.087,-26.68,88,5,4.37,RU,1738566129
18,lata,40.1629,-8.3327,3.02,86,0,2.6,PT,1738566130
19,port-aux-francais,-49.35,70.2167,3.95,75,52,11.89,TF,1738566131
20,port mathurin,-19.6833,63.4167,27.12,84,59,5.42,MU,1738566132
21,awjilah,29.1081,21.2869,16.81,33,100,1.67,LY,1738566013
22,carutapera,-1.195,-46.02,23.72,95,100,2.12,BR,1738566134
23,suntar,62.1444,117.6319,-23.09,86,100,4.54,RU,1738566136
24,adamstown,-25.066,-130.1015,24.24,77,100,8.35,PN,1738566137
25,arraial do cabo,-22.9661,-42.0278,23.61,92,100,8.51,BR,1738566138
26,sinop,41.7711,34.8709,7.99,65,100,1.84,TR,1738566139
27,sarikei,2.1167,111.5167,26.0,95,100,1.26,MY,1738566140
28,niafunke,15.9322,-3.9906,13.68,23,100,4.64,ML,1738566142
29,georgetown,5.4112,100.3354,30.96,58,20,4.63,MY,1738566143
30,turaif,31.6725,38.6637,5.14,48,0,3.09,SA,1738566144
31,hamilton,39.1834,-84.5333,7.17,91,75,3.6,US,1738566145
32,shigony,53.3875,48.6777,-0.63,98,100,3.65,RU,1738566146
33,ust-nera,64.5667,143.2,-43.04,99,77,1.93,RU,1738566147
34,rothenburg,51.3333,14.9667,0.45,90,33,0.61,DE,1738566149
35,vallegrande,-18.4897,-64.1069,13.26,86,0,0.29,BO,1738566150
36,maralal,1.0968,36.698,20.24,44,13,4.81,KE,1738566151
37,tsevie,6.4261,1.2133,25.49,82,8,1.69,TG,1738566152
38,edinburgh of the seven seas,-37.0676,-12.3116,17.14,93,100,7.96,SH,1738566153
39,qamdo,31.1667,97.2333,8.72,6,0,9.28,CN,1738566154
40,ilulissat,69.2167,-51.1,-21.99,71,99,2.06,GL,1738566156
41,bilibino,68.0546,166.4372,-31.24,99,100,1.96,RU,1738566157
42,iskateley,67.6803,53.1512,-26.75,88,5,4.33,RU,1738566158
43,westport,41.1415,-73.3579,0.11,94,100,1.54,US,1738565951
44,coahuayana de hidalgo,18.7,-103.6583,22.31,45,0,1.63,MX,1738566160
45,punta arenas,-53.15,-70.9167,8.06,71,100,6.17,CL,1738566006
46,calama,-22.4667,-68.9333,13.27,62,0,4.63,CL,1738566163
47,bubaque,11.2833,-15.8333,23.01,39,41,10.09,GW,1738566164
48,avarua,-21.2078,-159.775,26.03,89,49,4.63,CK,1738566165
49,invercargill,-46.4,168.35,15.57,78,35,6.26,NZ,1738566166
50,ribeira grande,38.5167,-28.7,18.22,94,75,10.8,PT,1738566167
51,gualaceo,-2.9,-78.7833,14.65,94,100,1.18,EC,1738566169
52,stanley,54.868,-1.6985,5.01,87,20,1.54,GB,1738566170
53,la'ie,21.6477,-157.9253,22.28,70,2,3.13,US,1738566171
54,balfour,-26.6633,28.5902,24.7,48,95,1.95,ZA,1738566172
55,toliara,-23.35,43.6667,30.16,64,100,3.78,MG,1738566173
56,udachny,66.4167,112.4,-17.5,93,100,11.7,RU,1738566174
57,acapulco de juarez,16.8634,-99.8901,25.9,89,40,1.03,MX,1738566176
58,colares,38.7992,-9.4469,9.63,70,0,8.24,PT,1738566178
59,long beach,33.767,-118.1892,13.01,96,100,1.54,US,1738565910
60,papatowai,-46.5619,169.4708,15.69,82,82,6.08,NZ,1738566180
61,ushuaia,-54.8,-68.3,6.81,76,75,5.66,AR,1738566182
62,pitimbu,-7.4706,-34.8086,25.78,79,30,3.69,BR,1738566183
63,huadian,42.9633,126.7478,-14.26,80,100,4.83,CN,1738566184
64,iqaluit,63.7506,-68.5145,-30.15,67,40,2.57,CA,1738566004
65,obolensk,54.9774,37.2245,-1.61,76,28,2.69,RU,1738566186
66,bredasdorp,-34.5322,20.0403,21.83,53,0,1.75,ZA,1738566187
67,chonchi,-42.6128,-73.8092,8.4,90,48,1.19,CL,1738566189
68,tura,25.5198,90.2201,25.94,26,5,3.03,IN,1738566190
69,margaret river,-33.95,115.0667,22.92,46,2,7.86,AU,1738566191
70,bugene,-1.5911,31.1403,22.31,55,76,0.68,TZ,1738566192
71,belyy yar,53.6039,91.3903,-16.06,85,20,1.0,RU,1738566193
72,lihue,21.9789,-159.3672,20.77,76,75,4.63,US,1738566194
73,vadso,70.0744,29.7487,-5.91,73,20,5.14,NO,1738566196
74,tiksi,71.6872,128.8694,-23.04,94,100,12.38,RU,1738566197
75,aasiaat,68.7098,-52.8699,-20.93,100,100,1.82,GL,1738566198
76,yellowknife,62.456,-114.3525,-28.71,76,75,3.6,CA,1738566199
77,albany,42.6001,-73.9662,-3.05,90,92,0.45,US,1738565969
78,enewetak,11.3474,162.3373,26.99,81,35,9.59,MH,1738566201
79,bethel,41.3712,-73.414,-0.8,86,100,0.89,US,1738566203
80,ingeniero guillermo n. juarez,-23.9,-61.85,25.53,46,0,3.05,AR,1738566204
81,rock springs,41.5875,-109.2029,8.69,42,75,12.35,US,1738566141
82,remire-montjoly,4.9167,-52.2667,24.02,94,75,1.54,GF,1738566206
83,qaqortoq,60.7167,-46.0333,-21.36,90,6,2.12,GL,1738566207
84,angarsk,52.5367,103.8864,-14.5,88,100,3.22,RU,1738566208
85,boise,43.6135,-116.2035,1.12,97,100,0.89,US,1738566210
86,haslett,42.747,-84.4011,1.95,95,100,0.0,US,1738566211
87,longyearbyen,78.2186,15.6401,1.91,69,75,6.17,SJ,1738566212
88,saint-pierre,-21.3393,55.4781,31.82,74,75,6.17,RE,1738566213
89,kapa'a,22.0752,-159.319,21.18,79,75,4.63,US,1738566214
90,altai,46.3722,96.2583,-17.46,87,100,2.64,MN,1738566217
91,suncho corral,-27.9336,-63.4294,25.44,39,0,4.2,AR,1738566218
92,ha tinh,18.3333,105.9,18.02,94,100,7.17,VN,1738566036
93,whitehorse,60.7161,-135.0538,-16.57,85,100,1.54,CA,1738566220
94,eldama ravine,0.0516,35.7308,19.64,43,5,3.39,KE,1738566221
95,novobod,39.0108,70.1508,-1.03,64,91,2.26,TJ,1738566222
96,katsuren-haebaru,26.3369,127.8719,16.01,73,100,7.2,JP,1738566224
97,wuyishan,28.0047,117.8114,7.76,79,100,2.81,CN,1738566225
98,katsuura,35.1333,140.3,10.21,74,100,3.42,JP,1738566226
99,rafaela,-31.2503,-61.4867,24.99,44,0,0.45,AR,1738566227
100,coari,-4.085,-63.1414,23.31,92,99,1.26,BR,1738566228
101,geraldton,-28.7667,114.6,29.23,54,0,11.32,AU,1738566078
102,kirakira,-10.4544,161.9205,28.37,74,100,5.22,SB,1738566231
103,afaahiti,-17.75,-149.2833,26.49,76,100,5.01,PF,1738566232
104,karratha,-20.7377,116.8463,34.33,56,100,6.26,AU,1738566233
105,ryotsu-minato,38.0833,138.4333,6.32,86,100,8.94,JP,1738566234
106,bolivar,37.6145,-93.4105,12.75,66,59,4.49,US,1738566186
107,pundong,-7.9522,110.3486,30.4,63,100,3.46,ID,1738566236
108,mount isa,-20.7333,139.5,28.87,70,100,3.09,AU,1738566238
109,prineville,44.2999,-120.8345,0.27,76,100,0.0,US,1738566239
110,polyarnyy,69.1989,33.4478,-16.03,96,64,3.36,RU,1738566240
111,thompson,55.7435,-97.8558,-19.91,77,100,5.14,CA,1738566241
112,zardob,40.2183,47.7083,9.45,67,0,0.87,AZ,1738566242
113,wailua homesteads,22.0669,-159.378,20.44,80,75,4.63,US,1738566243
114,uturoa,-16.7333,-151.4333,27.72,75,15,3.66,PF,1738566244
115,west island,-12.1568,96.8225,30.99,70,75,7.72,CC,1738566246
116,hawaiian paradise park,19.5933,-154.9731,19.29,92,54,5.0,US,1738566248
117,namtsy,62.7161,129.6658,-33.22,97,100,0.91,RU,1738566249
118,la palma,33.8464,-118.0467,13.01,86,100,1.54,US,1738566250
119,port augusta,-32.5,137.7667,39.81,19,31,10.09,AU,1738566251
120,filey,54.21,-0.2892,4.6,5,100,0.45,GB,1738566252
121,tvoroyri,61.5556,-6.8111,9.6,92,100,18.33,FO,1738566254
122,olonkinbyen,70.9221,-8.7187,-0.25,87,100,9.93,SJ,1738566255
123,codrington,-38.2667,141.9667,26.07,63,14,2.7,AU,1738566256
124,kununurra,-15.7667,128.7333,37.99,44,100,3.6,AU,1738566257
125,susuman,62.7833,148.1667,-42.98,99,71,0.66,RU,1738566233
126,akureyri,65.6835,-18.0878,0.96,93,75,3.09,IS,1738566259
127,kasama,-10.2129,31.1808,20.11,90,93,2.57,ZM,1738566075
128,kikwit,-5.041,18.8162,22.18,92,100,0.43,CD,1738566262
129,independence,39.0911,-94.4155,11.71,69,0,0.0,US,1738566035
130,salekhard,66.53,66.6019,-24.74,95,99,6.95,RU,1738566264
131,princeville,45.7668,-61.2985,-10.94,75,100,0.0,CA,1738566266
132,dolinsk,47.35,142.8,-8.13,96,100,1.91,RU,1738566267
133,blackmans bay,-43.0167,147.3167,31.4,36,92,2.13,AU,1738566268
134,fortaleza,-3.7227,-38.5247,28.07,78,40,5.66,BR,1738566143
135,juegang,32.3174,121.1855,4.8,47,94,7.0,CN,1738566270
136,magong,23.5654,119.5863,14.69,81,99,17.29,TW,1738566271
137,uliastay,47.7417,96.8444,-17.11,85,100,1.62,MN,1738566273
138,berezovyy,51.6667,135.7,-14.8,92,100,1.48,RU,1738566274
139,rajanpur,29.1035,70.325,23.52,14,0,2.65,PK,1738566275
140,mongo,12.1844,18.693,25.39,14,50,2.89,TD,1738566276
141,al bukayriyah,26.1442,43.6593,12.87,28,0,2.04,SA,1738566277
142,hadibu,12.65,54.0333,23.43,52,100,8.03,YE,1738566278
143,vilyuchinsk,52.9306,158.4028,-6.85,79,1,3.59,RU,1738566280
144,riverton,40.5219,-111.9391,12.27,46,0,7.72,US,1738566281
145,puerto ayora,-0.7393,-90.3518,24.19,98,99,0.91,EC,1738566282
146,pohang,36.0322,129.365,-0.16,39,0,8.73,KR,1738566284
147,san jose del cabo,23.0589,-109.6977,14.6,63,0,0.0,MX,1738566285
148,moyynkum,44.2914,72.9469,-1.29,60,0,11.21,KZ,1738566286
149,pisco,-13.7,-76.2167,22.03,78,0,1.54,PE,1738566288
150,las lomitas,-24.7096,-60.593,24.55,45,0,2.27,AR,1738566289
151,motygino,58.1831,94.7592,-22.54,88,64,2.24,RU,1738566290
152,salinopolis,-0.6136,-47.3561,24.67,91,100,4.36,BR,1738566291
153,bejaia,36.7559,5.0843,9.6,81,40,5.66,DZ,1738566292
154,nova vicosa,-17.8919,-39.3719,24.2,92,0,2.87,BR,1738566293
155,brookings,44.3114,-96.7984,-4.9,71,100,7.72,US,1738566134
156,bridgewater,44.3835,-64.5155,-9.62,80,100,0.99,CA,1738566028
157,ixtapa,20.7,-105.2,17.9,84,0,1.38,MX,1738566297
158,tadine,-21.55,167.8833,23.75,95,100,17.94,NC,1738566298
159,lebu,-37.6167,-73.65,12.82,93,19,3.56,CL,1738566102
160,mendefera,14.8872,38.8153,18.45,49,86,3.56,ER,1738566300
161,tual,-5.6667,132.75,27.03,80,100,10.94,ID,1738566302
162,kediri,-7.8167,112.0167,28.94,76,100,3.53,ID,1738566303
163,portland,45.5234,-122.6762,3.21,90,100,4.47,US,1738566278
164,deir ez-zor,35.3359,40.1408,12.99,49,100,0.85,SY,1738566305
165,kupang,-10.1667,123.5833,31.32,79,40,4.12,ID,1738566306
166,ust'-ilimsk,58.0006,102.6619,-24.92,90,90,1.36,RU,1738566307
167,guatrache,-37.6678,-63.5302,20.75,27,1,3.49,AR,1738566309
168,thunder bay,48.4001,-89.3168,-11.01,62,100,7.2,CA,1738566283
169,flying fish cove,-10.4217,105.6791,24.82,100,100,4.12,CX,1738566311
170,juan griego,11.0817,-63.9655,24.25,83,0,5.3,VE,1738566312
171,sao joao da barra,-21.6403,-41.0511,23.58,89,26,7.28,BR,1738566122
172,betio village,1.358,172.9211,26.02,88,27,6.68,KI,1738566314
173,valley city,46.9233,-98.0032,-12.71,66,100,4.12,US,1738566063
174,atafu village,-8.5421,-172.5159,28.51,65,6,6.85,TK,1738566317
175,vol'sk,52.0333,47.3833,0.64,91,100,1.88,RU,1738566318
176,peace river,56.2501,-117.286,-32.83,75,0,2.57,CA,1738566028
177,al bardiyah,31.7561,25.0865,15.44,63,100,2.01,LY,1738566320
178,mil'kovo,55.6078,37.7956,0.75,66,100,3.19,RU,1738566321
179,boali,4.8005,18.1275,30.3,18,99,3.31,CF,1738566323
180,los frentones,-26.4077,-61.4137,23.61,47,0,2.47,AR,1738566325
181,minot,48.2325,-101.2963,-19.94,84,100,8.75,US,1738566326
182,la passe,45.5549,-0.8967,3.64,85,0,2.46,FR,1738566328
183,grants,35.1473,-107.8514,-0.87,59,0,0.0,US,1738566329
184,kamyzyak,46.11,48.0736,2.99,93,100,3.0,RU,1738566330
185,palpa,-14.5336,-75.1856,22.03,72,100,1.24,PE,1738566331
186,port lincoln,-34.7333,135.8667,29.09,49,100,3.15,AU,1738566332
187,mejit,10.2753,170.8646,26.48,76,7,10.67,MH,1738566333
188,pechora,65.1472,57.2244,-22.19,90,7,0.7,RU,1738566335
189,callao,-12.0667,-77.15,23.73,83,20,3.6,PE,1738566068
190,sandnessjoen,66.0217,12.6316,-0.88,51,0,2.57,NO,1738566338
191,orkney,-26.9802,26.6727,27.52,42,100,2.22,ZA,1738566339
192,siyabuswa,-25.1132,29.0445,26.57,65,85,2.53,ZA,1738566340
193,happy valley-goose bay,53.3168,-60.3315,-21.83,59,20,3.6,CA,1738566341
194,yaren,-0.5472,166.916,26.85,81,100,6.58,NR,1738566343
195,okhotsk,59.3833,143.3,-23.12,83,2,6.04,RU,1738566344
196,hammerfest,70.6634,23.6821,-8.75,53,0,6.69,NO,1738566345
197,le lavandou,43.137,6.366,8.9,86,0,4.63,FR,1738566346
198,zemetchino,53.4973,42.6163,-1.14,90,100,3.12,RU,1738566348
199,nyrob,60.733,56.7202,-6.42,94,100,4.48,RU,1738566350
200,new norfolk,-42.7826,147.0587,32.06,23,34,3.73,AU,1738566351
201,puerto baquerizo moreno,-0.9,-89.6,23.79,88,22,0.58,EC,1738566352
202,emerald,-23.5333,148.1667,22.97,100,100,2.17,AU,1738566353
203,saldanha,-33.0117,17.9442,19.76,72,0,4.38,ZA,1738566355
204,ueckermunde,53.7379,14.0447,-0.88,97,75,1.54,DE,1738566356
205,hithadhoo,-0.6,73.0833,27.91,71,70,2.04,MV,1738566357
206,tralee,52.2704,-9.7026,10.14,87,100,4.89,IE,1738566358
207,san patricio,28.017,-97.5169,17.97,94,0,3.31,US,1738566359
208,amurzet,47.6967,131.0981,-14.21,79,100,3.29,RU,1738566360
209,petropavlovsk-kamchatsky,53.0452,158.6483,-7.67,35,0,1.0,RU,1738566106
210,newman,37.3138,-121.0208,13.91,80,100,3.13,US,1738566363
211,mungwi,-10.1732,31.3694,20.09,90,96,2.51,ZM,1738566364
212,bodo,67.28,14.405,-3.98,46,0,13.38,NO,1738566365
213,richards bay,-28.783,32.0377,26.94,76,100,8.28,ZA,1738566366
214,kerikeri,-35.2268,173.9474,19.32,73,56,2.03,NZ,1738566367
215,dudinka,69.4058,86.1778,-25.84,93,100,2.01,RU,1738566369
216,sisimiut,66.9395,-53.6735,-20.87,97,85,2.27,GL,1738566370
217,port elizabeth,-33.918,25.5701,24.62,65,0,1.34,ZA,1738566261
218,klyuchi,52.2667,79.1667,-5.22,94,88,2.25,RU,1738566372
219,abbeville,50.1,1.8333,0.95,89,0,1.96,FR,1738566144
220,karkira,36.9292,6.5856,11.14,91,100,9.24,DZ,1738566374
221,dunedin,-45.8742,170.5036,18.22,74,100,0.89,NZ,1738566215
222,port blair,11.6667,92.75,30.02,66,40,5.66,IN,1738566378
223,kailua-kona,19.6406,-155.9956,23.64,80,6,0.45,US,1738566379
224,san luis de la loma,17.2706,-100.8939,23.63,74,1,1.85,MX,1738566380
225,kalix,65.853,23.1565,-19.95,96,0,3.21,SE,1738566382
226,ghat,24.9647,10.1728,11.16,39,49,2.7,LY,1738566384
227,ancud,-41.8697,-73.8203,10.7,80,51,1.54,CL,1738566385
228,kungur,57.4368,56.9593,-1.69,94,100,5.92,RU,1738566386
229,huarmey,-10.0681,-78.1522,21.81,84,100,2.32,PE,1738566389
230,gadzhiyevo,69.2551,33.3362,-15.75,98,67,3.12,RU,1738566390
231,mende,44.6667,3.5,-5.14,88,21,2.23,FR,1738566392
232,anadyr,64.75,177.4833,1.28,86,40,12.0,RU,1738566393
233,chamical,-30.36,-66.314,26.1,47,4,4.75,AR,1738566394
234,green river,41.5286,-109.4662,4.98,55,100,6.78,US,1738566395
235,nuuk,64.1835,-51.7216,-9.66,73,100,2.06,GL,1738566111
236,malpils,57.0111,24.9631,-1.73,96,93,3.01,LV,1738566397
237,kiunga,-6.1219,141.2906,26.44,92,100,2.53,PG,1738566399
238,revda,56.801,59.9303,-0.33,90,100,3.15,RU,1738566400
239,mirny,62.5353,113.9611,-25.54,89,100,5.43,RU,1738566401
240,changqing,36.5575,116.7272,4.37,17,0,3.65,CN,1738566402
241,guymon,36.6828,-101.4816,13.0,28,0,7.2,US,1738566136
242,acarau,-2.8856,-40.12,24.76,89,100,4.32,BR,1738566405
243,batamshinskiy,50.5594,58.2747,-2.46,95,100,4.83,KZ,1738566406
244,hermanus,-34.4187,19.2345,23.78,61,0,1.22,ZA,1738566407
245,oban,56.4127,-5.4706,6.67,86,100,3.96,GB,1738566408
246,indre arna,60.4247,5.4764,4.12,94,100,2.64,NO,1738566409
247,prince albert,53.2001,-105.7677,-25.07,92,21,4.9,CA,1738566410
248,kon tum,14.35,108.0,32.69,28,2,3.51,VN,1738566412
249,holualoa,19.6228,-155.9522,21.57,80,10,0.45,US,1738566413
250,balykshi,47.0667,51.8667,0.0,86,40,4.0,KZ,1738566414
251,hot springs,34.5037,-93.0552,14.05,96,0,1.77,US,1738566192
252,at taj,24.2049,23.2857,16.91,17,68,2.29,LY,1738566416
253,utrik,11.2278,169.8474,26.54,74,5,10.17,MH,1738566417
254,manggar,-2.8833,108.2667,29.5,65,73,7.29,ID,1738566419
255,papao,-17.75,-149.55,27.82,73,100,3.83,PF,1738566420
256,ha'il,27.5219,41.6907,11.01,32,0,3.09,SA,1738566421
257,yankton,42.8711,-97.3973,-2.16,68,0,3.09,US,1738566195
258,humberto de campos,-2.5983,-43.4611,23.55,96,100,1.4,BR,1738566292
259,pasni,25.2631,63.471,20.27,47,0,3.45,PK,1738566424
260,kruisfontein,-34.0033,24.7314,22.5,50,0,1.75,ZA,1738566426
261,el dorado,38.7666,-120.5177,9.92,98,100,1.58,US,1738566427
262,sao lourenco do sul,-31.3653,-51.9783,23.13,92,16,3.17,BR,1738566428
263,mili,6.0815,171.735,27.5,82,10,10.93,MH,1738566429
264,aleksandrov gay,50.147,48.5704,0.71,85,100,4.54,RU,1738566430
265,abomsa,9.9833,39.9833,21.69,48,87,2.61,ET,1738566432
266,timbuktu,16.7735,-3.0074,12.69,25,53,5.32,ML,1738566433
267,douglas,41.3,-96.167,8.1,75,0,2.06,US,1738566434
268,island harbour,50.724,-1.2758,5.55,93,98,3.9,GB,1738566435
269,yashkul',46.1711,45.3435,5.85,79,91,1.31,RU,1738566436
270,visby,57.6409,18.296,0.12,69,75,4.63,SE,1738566437
271,grand baie,-20.0182,57.5802,30.81,78,22,2.24,MU,1738566439
272,solleftea,63.1667,17.2667,-8.08,99,100,1.7,SE,1738566440
273,spring creek,40.7266,-115.5859,8.0,49,100,2.68,US,1738566209
274,launceston,-41.45,147.1667,31.8,40,99,6.17,AU,1738566442
275,laojunmiao,39.8333,97.7333,-6.42,52,0,4.89,CN,1738566443
276,isafjordur,66.0755,-23.124,-0.67,98,100,6.9,IS,1738566445
277,el porvenir,13.7617,-87.3458,19.86,70,0,2.93,HN,1738566447
278,balangir,20.7167,83.4833,34.39,23,2,3.36,IN,1738566448
279,north shore,-36.8,174.75,23.0,68,60,2.24,NZ,1738566449
280,syzran',53.1585,48.4681,-0.18,97,100,2.91,RU,1738566450
281,san julian,21.0167,-102.1667,12.83,31,2,1.49,MX,1738566451
282,port-gentil,-0.7193,8.7815,27.11,75,100,3.1,GA,1738566453
283,fale old settlement,-9.3852,-171.2468,28.41,68,6,6.11,TK,1738566454
284,touros,-5.1989,-35.4608,25.59,75,84,4.56,BR,1738566455
285,yakeshi,49.2833,120.7333,-23.57,92,100,3.58,CN,1738566456
286,tolanaro,-25.0319,46.9987,27.43,60,100,3.16,MG,1738566457
287,chul'man,56.8479,124.9104,-30.94,95,100,3.05,RU,1738566458
288,taytay,14.5678,121.1394,30.59,68,100,1.96,PH,1738566460
289,namibe,-15.1961,12.1522,23.38,75,88,2.29,AO,1738566461
290,alice springs,-23.7,133.8833,38.75,14,20,7.72,AU,1738566462
291,talcahuano,-36.7167,-73.1167,13.82,88,0,2.57,CL,1738566463
292,ciudad lazaro cardenas,17.9583,-102.2,22.97,86,0,2.14,MX,1738566464
293,weno,7.4515,151.8468,28.97,74,100,4.12,FM,1738566465
294,kodiak,57.79,-152.4072,0.73,80,0,9.26,US,1738566466
295,ataq,14.5377,46.8319,16.98,21,80,4.09,YE,1738566468
296,vel'sk,61.0701,42.0983,-10.66,94,100,3.08,RU,1738566469
297,askoy,60.4092,5.226,4.16,87,75,6.69,NO,1738566470
298,kemi,65.8596,24.8228,-17.13,85,0,4.12,FI,1738566471
299,broome,42.2506,-75.833,-1.3,90,100,2.57,US,1738566472
300,amol,36.4696,52.3507,10.66,65,5,1.99,IR,1738566473
301,lazaro cardenas,17.9583,-102.2,22.97,86,0,2.14,MX,1738566475
302,howrah,22.5892,88.3103,28.0,42,20,4.12,IN,1738566280
303,dyatlovo,53.4631,25.4068,-0.88,88,100,5.47,BY,1738566478
304,puerto aysen,-45.4,-72.7,7.92,99,100,1.8,CL,1738566479
305,fortuna,40.5982,-124.1573,6.31,97,100,0.0,US,1738566480
306,solnechnyy,50.7214,136.6319,-15.98,93,100,1.82,RU,1738566482
307,luau,-10.7073,22.2247,18.7,98,100,1.05,AO,1738566483
308,kapuskasing,49.4169,-82.4331,-3.95,86,75,5.66,CA,1738566484
309,lompoc,34.6391,-120.4579,9.23,95,100,1.54,US,1738566485
310,minas de marcona,-15.2119,-75.1103,17.73,80,100,2.4,PE,1738566486
311,egilsstadir,65.2653,-14.3948,6.1,100,100,4.79,IS,1738566487
312,tidjikja,18.5564,-11.4271,11.53,21,0,5.62,MR,1738566489
313,praia da vitoria,38.7333,-27.0667,16.17,90,100,4.24,PT,1738566490
314,kenora,49.8167,-94.4337,-19.46,84,20,3.09,CA,1738566208
315,falaise,48.8922,-0.1953,0.14,89,0,2.44,FR,1738566493
316,port macquarie,-31.4333,152.9167,25.6,75,100,1.79,AU,1738566494
317,kogalym,62.2654,74.4791,-14.34,93,100,6.69,RU,1738566496
318,galliano,29.4422,-90.2992,12.0,94,100,0.0,US,1738566497
319,avellaneda,-29.1176,-59.6583,23.4,42,0,2.7,AR,1738566370
320,ca mau,9.1769,105.15,35.26,33,45,6.94,VN,1738566249
321,saint-philippe,-21.3585,55.7679,28.85,82,75,7.98,RE,1738566502
322,badger,64.8,-147.5333,-11.05,85,100,3.09,US,1738566503
323,camacupa,-12.0167,17.4833,18.49,93,100,2.04,AO,1738566258
324,bardai,11.65,7.2333,19.29,20,0,4.4,NG,1738566505
325,mozarlandia,-14.7447,-50.5706,21.58,99,100,2.42,BR,1738566506
326,medina,24.4686,39.6142,17.24,22,0,4.12,SA,1738566507
327,sitka,57.0531,-135.33,-3.06,28,0,0.0,US,1738566509
328,vila velha,-20.3297,-40.2925,24.97,88,20,2.57,BR,1738566510
329,ola,59.5833,151.2833,-23.62,80,0,0.99,RU,1738566511
330,am timan,11.0297,20.2827,25.97,17,92,4.25,TD,1738566512
331,chui,-33.6971,-53.4616,21.04,98,23,1.83,UY,1738566513
332,luganville,-15.5333,167.1667,27.09,85,100,3.5,VU,1738566514
333,nova sintra,14.8667,-24.7167,22.1,59,7,5.28,CV,1738566516
334,nalut,30.3333,10.85,8.46,52,0,0.45,LY,1738566517
335,beau vallon,-20.4189,57.6953,32.13,66,40,7.72,MU,1738566518
336,antsiranana,-12.2787,49.2917,26.62,82,99,5.03,MG,1738566442
337,ariquemes,-9.9133,-63.0408,21.97,99,99,1.21,BR,1738566520
338,midvagur,62.0511,-7.1939,9.46,93,100,8.75,FO,1738566521
339,tsiombe,-25.3,45.4833,28.57,55,100,5.04,MG,1738566523
340,howard springs,-12.497,131.047,29.95,89,100,5.43,AU,1738566524
341,mukalla,14.5425,49.1242,24.6,20,98,2.25,YE,1738566525
342,strezhevoy,60.7333,77.5889,-11.79,94,100,4.73,RU,1738566527
343,luderitz,-26.6481,15.1594,21.35,57,5,7.47,NA,1738566528
344,shaowu,27.3409,117.4831,8.77,84,100,1.2,CN,1738566530
345,sai buri,6.7013,101.6168,34.42,51,5,3.95,TH,1738566531
346,lenina,46.0667,39.7833,3.47,88,100,1.21,RU,1738566532
347,kirensk,57.7853,108.1119,-21.8,86,100,1.31,RU,1738566533
348,buhe,30.2876,112.2298,12.8,27,74,5.06,CN,1738566534
349,tianpeng,30.9866,103.9393,12.14,37,6,2.51,CN,1738566535
350,santiago de cao,-7.9589,-79.2392,19.07,94,100,2.06,PE,1738566536
351,chillicothe,39.3331,-82.9824,0.17,100,0,0.0,US,1738566246
352,antofagasta,-23.65,-70.4,19.6,83,3,1.19,CL,1738565819
353,loboc,9.6383,124.0348,28.47,74,99,3.98,PH,1738566540
354,ambalangoda,6.2355,80.0538,29.99,71,95,2.67,LK,1738566541
355,ugoofaaru,5.6667,73.0,27.5,74,29,3.18,MV,1738566542
356,maxixe,-23.8597,35.3472,29.92,59,71,3.87,MZ,1738566543
357,colac,-38.3333,143.5833,21.53,81,95,7.31,AU,1738566545
358,priyutnoye,46.1011,43.5072,3.61,90,100,2.27,RU,1738566546
359,aripuana,-9.1667,-60.6333,21.1,99,100,1.58,BR,1738566547
360,saudarkrokur,65.7461,-19.6394,-0.82,91,100,0.2,IS,1738566548
361,chimore,-16.9833,-65.1333,21.42,98,43,0.74,BO,1738566549
362,siguiri,11.6667,-9.5,16.79,21,48,1.61,GN,1738566550
363,keflavik,64.0049,-22.5624,4.24,93,75,4.63,IS,1738566551
364,san antonio de pale,-1.4014,5.6325,27.28,72,100,2.98,GQ,1738566553
365,nemuro,43.3236,145.575,-0.89,69,100,6.86,JP,1738566554
366,st. john's,47.5649,-52.7093,-8.35,68,75,10.8,CA,1738566529
367,ubari,26.5921,12.7805,10.64,41,0,2.95,LY,1738566556
368,manicore,-5.8092,-61.3003,21.8,97,100,1.12,BR,1738566392
369,el granada,37.5027,-122.4694,14.6,91,100,5.14,US,1738566558
370,fort mcmurray,56.7268,-111.381,-22.88,98,100,1.25,CA,1738566560
371,subaykhan,34.8544,40.6083,12.9,50,100,1.27,SY,1738566561
372,ambon,-3.6954,128.1814,31.08,70,40,2.06,ID,1738566562
373,ondjiva,-17.0667,15.7333,23.29,62,99,1.39,AO,1738566563
374,guarapari,-20.6667,-40.4975,22.62,90,99,4.38,BR,1738566564
375,mahina,-17.5065,-149.489,27.87,74,100,1.03,PF,1738566565
376,gwanda,-20.9333,29.0,28.36,38,3,5.41,ZW,1738566566
377,baranovichi,53.1327,26.0139,-1.27,87,99,5.48,BY,1738566568
378,bambanglipuro,-7.95,110.2833,30.12,64,100,3.48,ID,1738566451
379,mogadishu,2.0371,45.3438,27.27,59,19,10.76,SO,1738566570
380,jaru,-10.4389,-62.4664,21.27,99,100,1.7,BR,1738566571
381,agara,42.0376,43.8238,4.22,67,60,2.09,GE,1738566572
382,pathein,16.7833,94.7333,35.6,21,0,2.71,MM,1738566574
383,falun,60.6036,15.626,-4.77,97,100,1.18,SE,1738566575
384,fort bragg,35.139,-79.006,7.91,85,100,0.0,US,1738566576
385,mount pearl,47.5166,-52.7813,-8.81,71,75,10.8,CA,1738566578
386,brisas de zicatela,15.8369,-97.0419,25.32,74,2,2.19,MX,1738566580
387,letlhakeng,-24.0944,25.0298,29.06,45,9,4.19,BW,1738566581
388,swakopmund,-22.6833,14.5333,17.87,85,45,1.77,NA,1738566582
389,northam,51.0333,-4.2167,7.67,94,100,2.77,GB,1738566583
390,rio grande,-32.035,-52.0986,24.01,89,1,4.82,BR,1738566569
391,sumenep,-7.0167,113.8667,28.43,76,100,8.13,ID,1738566585
392,leninskoye,41.7589,69.3864,3.37,43,0,0.68,KZ,1738566586
393,monghyr,25.3833,86.4667,26.36,28,2,4.35,IN,1738566588
394,prado,-17.3411,-39.2208,24.6,91,0,3.42,BR,1738566502
395,kantunilkin,21.0917,-87.45,20.4,100,100,0.94,MX,1738566590
396,conception bay south,47.4999,-52.9981,-8.48,72,12,7.76,CA,1738566591
397,smithers,54.7804,-127.1743,-26.48,95,8,0.7,CA,1738566592
398,littlefield,33.9173,-102.3249,14.21,27,0,4.85,US,1738566593
399,konin,52.2234,18.2512,-0.65,74,6,2.18,PL,1738566595
400,ciudad bolivar,8.1222,-63.5497,23.47,79,100,4.51,VE,1738566596
401,vernon,50.2581,-119.2691,-9.26,70,100,4.47,CA,1738566305
402,xining,36.6167,101.7667,-5.99,65,1,2.7,CN,1738566379
403,kavarna,43.4333,28.3333,5.36,95,100,6.17,BG,1738566600
404,kani keli,-12.9536,45.1033,28.59,80,100,5.68,YT,1738566514
405,international falls,48.6011,-93.411,-15.9,73,0,2.57,US,1738566603
406,griffith,41.5284,-87.4237,4.97,91,100,1.54,US,1738566604
407,coronel dorrego,-38.7187,-61.2873,17.65,66,2,4.42,AR,1738566606
408,metlili chaamba,32.2667,3.6333,5.69,58,100,4.04,DZ,1738566608
409,la libertad,-2.2333,-80.9,24.85,71,100,2.91,EC,1738566527
410,san nicolas,18.1725,120.5953,28.86,63,17,8.39,PH,1738566610
411,kilindoni,-7.9139,39.6668,27.46,77,100,7.5,TZ,1738566611
412,claudio,-20.4433,-44.7658,18.27,95,100,0.36,BR,1738566612
413,parras de la fuente,25.4167,-102.1833,14.87,17,0,2.91,MX,1738566613
414,kuvshinovo,57.0295,34.1725,-1.7,90,100,1.55,RU,1738566614
415,arkhara,49.4212,130.0842,-16.63,92,100,3.56,RU,1738566616
416,nelson bay,-32.7167,152.15,26.17,76,2,7.15,AU,1738566617
417,alvaraes,-3.2208,-64.8042,24.28,83,97,1.01,BR,1738566618
418,raseiniai,55.3736,23.1217,-0.75,84,87,4.89,LT,1738566619
419,pleven,43.4167,24.6167,4.77,90,70,2.51,BG,1738566620
420,kamin-kashyrskyi,51.6241,24.9586,-1.76,78,15,3.45,UA,1738566615
421,tibati,6.4667,12.6333,23.96,21,57,2.45,CM,1738566623
422,ketchikan,55.3422,-131.6461,-5.01,27,0,6.17,US,1738566624
423,kingscliff,-28.2667,153.5667,27.89,65,75,6.69,AU,1738566625
424,skovorodino,53.9833,123.9167,-20.43,78,100,4.51,RU,1738566626
425,port saint john's,-31.6229,29.5448,23.32,80,100,3.36,ZA,1738566627
426,umm kaddadah,13.6017,26.6876,22.07,26,79,7.58,SD,1738566629
427,buka,40.8108,69.1986,6.2,39,28,0.46,UZ,1738566630
428,escada,-8.3592,-35.2236,23.11,90,51,1.73,BR,1738566440
429,cockburn town,21.4612,-71.1419,24.89,72,6,9.0,TC,1738566632
430,sydney,-33.8679,151.2073,28.95,63,20,10.8,AU,1738566385
431,chibougamau,49.9168,-74.3659,-13.56,94,100,4.85,CA,1738566634
432,port alfred,-33.5906,26.891,23.99,65,0,1.34,ZA,1738566635
433,nizhnesortymskiy,62.4397,71.7603,-15.48,95,100,5.91,RU,1738566637
434,puquio,-14.7,-74.1333,10.55,76,100,2.29,PE,1738566638
435,columbia falls,48.3725,-114.1815,-12.18,72,75,11.83,US,1738566639
436,acajutla,13.5928,-89.8275,26.27,59,4,2.37,SV,1738566640
437,ilheus,-14.7889,-39.0494,23.37,90,0,1.25,BR,1738566641
438,ebaye,8.7748,167.7392,28.01,69,40,6.17,MH,1738566643
439,grand falls-windsor,48.9332,-55.6649,-14.7,84,20,3.25,CA,1738566644
440,crane,31.3974,-102.3501,15.62,17,0,3.7,US,1738566645
441,plettenberg bay,-34.0527,23.3716,22.73,53,0,0.82,ZA,1738566646
442,saipan,15.1355,145.701,29.39,65,0,4.63,MP,1738566647
443,mata-utu,-13.2816,-176.1745,28.95,73,64,4.28,WF,1738566351
444,sos'va,59.1766,61.8558,-12.71,92,100,2.42,RU,1738566649
445,prince rupert,54.3161,-130.3201,-11.96,59,0,4.23,CA,1738566651
446,novyy urgal,51.0736,132.5642,-15.5,88,100,1.06,RU,1738566652
447,porto novo,6.4965,2.6036,26.44,81,11,1.21,BJ,1738566653
448,koulamoutou,-1.1303,12.4736,23.43,91,98,0.41,GA,1738566654
449,concordia,-31.393,-58.0209,25.44,58,0,2.24,AR,1738565999
450,hilo,19.7297,-155.09,20.28,91,46,0.89,US,1738566653
451,nadi,-17.8,177.4167,28.0,69,75,3.09,FJ,1738566658
452,korla,41.7597,86.1469,-3.73,66,3,1.72,CN,1738566659
453,walvis bay,-22.9575,14.5053,18.29,80,36,1.46,NA,1738566660
454,bathsheba,13.2167,-59.5167,26.34,78,40,9.26,BB,1738566661
455,kangding,30.0513,101.9603,8.41,51,31,1.89,CN,1738566662
456,laguna,38.421,-121.4238,14.47,88,40,4.63,US,1738566382
457,fort st. john,56.2499,-120.8529,-23.04,96,100,1.7,CA,1738566523
458,inhambane,-23.865,35.3833,29.58,61,75,3.95,MZ,1738566666
459,bamboo flat,11.7,92.7167,30.05,66,40,5.66,IN,1738566667
460,mutuali,-14.8706,37.0044,25.9,86,100,0.53,MZ,1738566668
461,calvinia,-31.4707,19.776,22.76,31,0,2.68,ZA,1738566669
462,ghormach,35.7306,63.7826,5.32,56,100,1.87,AF,1738566670
463,patnos,39.2336,42.8634,-8.84,73,100,0.44,TR,1738566672
464,zdolbuniv,50.5206,26.2425,-1.91,86,10,4.06,UA,1738566673
465,igarka,67.4667,86.5833,-28.4,94,100,0.89,RU,1738566674
466,east london,-33.0153,27.9116,22.84,61,0,3.73,ZA,1738566612
467,kulhudhuffushi,6.6221,73.07,27.45,73,85,2.79,MV,1738566676
468,simplicio mendes,-7.8539,-41.9103,22.25,81,99,1.98,BR,1738566677
469,sultanah,24.4926,39.5857,17.25,22,0,4.12,SA,1738566678
470,sumbawa besar,-8.5,117.4333,29.54,76,85,4.11,ID,1738566680
471,datong,40.0936,113.2914,-8.05,36,0,6.64,CN,1738566681
472,juuka,63.2333,29.25,-12.47,91,99,4.65,FI,1738566682
473,poronaysk,49.2167,143.1167,-13.03,93,5,0.3,RU,1738566461
474,zaozersk,69.4005,32.4476,-14.58,98,90,2.49,RU,1738566684
475,xunchang,28.4543,104.715,9.55,72,96,1.94,CN,1738566685
476,sheboygan,43.7333,-87.9334,2.4,89,100,0.0,US,1738566685
477,rawai,7.7797,98.3253,30.55,67,3,3.92,TH,1738566688
478,lao cai,22.4833,103.95,14.19,92,100,0.24,VN,1738566689
479,dzhalagash,45.0833,64.6667,-0.13,54,57,7.6,KZ,1738566690
480,pinckneyville,38.0803,-89.382,12.19,90,100,4.23,US,1738566691
481,wabag,-5.4781,143.7021,16.57,96,100,1.33,PG,1738566692
482,san pedro pochutla,15.7333,-96.4667,24.84,82,28,1.58,MX,1738566694
483,carnarvon,-24.8667,113.6333,33.01,49,2,12.98,AU,1738566671
484,hasaki,35.7333,140.8333,10.32,82,100,1.94,JP,1738566696
485,fredericia,55.5657,9.7526,-0.13,89,18,3.62,DK,1738566697
486,petukhovo,55.0692,67.9019,-0.2,97,100,4.08,RU,1738566698
487,tiassale,5.8983,-4.8283,23.98,88,100,0.43,CI,1738566699
488,shenandoah,30.4013,-91.0009,13.86,91,0,0.45,US,1738566701
489,dhulikhel,27.6189,85.5529,18.75,22,0,2.34,NP,1738566702
490,puerto deseado,-47.7503,-65.8938,12.2,53,2,6.23,AR,1738566703
491,zhongxiang,31.1661,112.5831,12.2,26,99,5.19,CN,1738566602
492,kargasok,59.0556,80.8572,-11.73,94,100,5.34,RU,1738566705
493,sao pedro do sul,-29.6206,-54.1789,21.78,83,0,3.21,BR,1738566706
494,al kharijah,25.4514,30.5464,19.69,23,84,2.73,EG,1738566708
495,lautoka,-17.6167,177.4667,27.92,69,75,3.09,FJ,1738566709
496,yantzaza,-3.8278,-78.7594,20.48,99,100,0.25,EC,1738566710
497,tanumah,27.1,44.1333,13.01,29,0,0.46,SA,1738566711
498,mahibadhoo,3.7833,72.9667,27.81,70,17,5.59,MV,1738566713
499,quixada,-4.9714,-39.0153,22.5,95,100,1.4,BR,1738566508
500,ad dawadimi,24.5077,44.3924,14.64,26,0,2.48,SA,1738566715
501,wajir,1.7471,40.0573,29.67,39,82,6.91,KE,1738566718
502,bac giang,21.2667,106.2,14.82,55,100,7.2,VN,1738566719
503,kievka,50.2619,71.5514,-5.38,91,8,2.39,KZ,1738566720
504,balkanabat,39.5108,54.3671,8.56,42,82,1.85,TM,1738566721
505,tangalle,6.024,80.7911,29.14,59,100,3.24,LK,1738566722
506,itoman,26.1247,127.6694,16.01,74,75,11.32,JP,1738566724
507,chokwe,-24.5333,32.9833,31.99,44,0,1.22,MZ,1738566725
508,ormond-by-the-sea,29.3491,-81.0665,17.27,94,100,0.89,US,1738566727
509,adamovka,51.5223,59.9396,-1.98,94,100,4.93,RU,1738566728
510,kendari,-3.945,122.4989,27.63,82,100,1.56,ID,1738566729
511,agnibilekrou,7.1344,-3.2047,23.15,79,94,0.23,CI,1738566731
512,north bend,43.4065,-124.2243,4.03,93,100,3.09,US,1738566663
513,boda,4.3189,17.4695,28.41,21,97,1.75,CF,1738566733
514,ironwood,46.4547,-90.171,-3.55,63,100,4.12,US,1738566734
515,chiredzi,-21.05,31.6667,29.16,50,79,3.43,ZW,1738566480
516,nampula,-15.1165,39.2666,27.48,78,94,0.9,MZ,1738566736
517,pimampiro,0.4,-77.9667,15.23,89,70,1.79,EC,1738566738
518,el calafate,-50.3408,-72.2768,6.56,80,42,3.6,AR,1738566418
519,camana,-16.6228,-72.7111,21.87,86,100,1.87,PE,1738566740
520,karaton,-6.3424,106.1045,31.82,53,100,1.77,ID,1738566741
521,puerto leguizamo,-0.1934,-74.7819,23.5,78,99,0.46,CO,1738566742
522,busan,35.1028,129.0403,2.25,40,0,9.72,KR,1738566743
523,bangassou,4.7413,22.8184,28.06,25,61,2.52,CF,1738566745
524,ust'-kulom,61.6864,53.6902,-16.17,95,100,3.44,RU,1738566746
525,leua,48.2156,18.6071,-0.63,71,41,1.57,SK,1738566617
526,tara,56.8944,74.371,-0.2,94,100,3.4,RU,1738566748
527,daru,-9.0763,143.2092,31.88,67,100,2.22,PG,1738566749
528,valparaiso,-33.0393,-71.6273,15.92,79,100,3.67,CL,1738566750
529,apatity,67.5641,33.4031,-19.02,93,1,2.4,RU,1738566753
530,colonia,50.9333,6.95,-1.69,91,0,2.06,DE,1738566755
531,sao vicente,-23.9631,-46.3919,24.61,88,100,1.13,BR,1738566756
532,pacific grove,36.6177,-121.9166,13.14,94,75,5.36,US,1738566758
533,banda aceh,5.5577,95.3222,29.23,65,43,4.57,ID,1738566759
534,argo,37.6333,22.7333,11.62,85,6,0.41,GR,1738566760
535,kingston,17.997,-76.7936,21.27,91,63,1.86,JM,1738566761
536,zhaotong,27.3167,103.7167,4.69,60,96,2.02,CN,1738566762
537,jiuquan,39.7432,98.5174,-1.01,37,5,3.27,CN,1738566763
538,eastham,41.8301,-69.9739,1.08,92,100,2.06,US,1738566765
539,warner robins,32.621,-83.5999,8.58,93,0,2.57,US,1738566766
540,lamu,-2.2717,40.902,27.65,69,24,6.51,KE,1738566543
541,annaberg-buchholz,50.5795,13.0063,-3.2,92,16,1.49,DE,1738566768
542,noumea,-22.2763,166.4572,26.67,99,89,6.34,NC,1738566769
543,boende,-0.2167,20.8667,27.41,59,86,1.26,CD,1738566770
544,bela,25.9333,81.9833,27.06,25,6,4.78,IN,1738566772
545,puerto san jose,13.9256,-90.8244,23.98,77,29,3.49,GT,1738566773
546,stephenville,32.2207,-98.2023,15.14,58,0,2.57,US,1738566774
547,albion,42.2431,-84.753,1.98,99,100,0.0,US,1738566775
548,bani walid,31.7566,13.9942,11.38,59,4,3.57,LY,1738566776
549,chapayevsk,52.9771,49.7086,-1.94,95,100,4.66,RU,1738566779
550,fada,7.25,4.0667,24.35,87,18,0.56,NG,1738566780
551,litayan,7.3358,124.0347,29.07,68,42,1.47,PH,1738566781
552,itaituba,-4.2761,-55.9836,21.87,99,100,0.82,BR,1738566782
553,mizdah,31.4451,12.9801,9.15,61,0,2.64,LY,1738566783
554,myskhako,44.6714,37.7433,4.38,78,100,1.2,RU,1738566785
555,natal,-5.795,-35.2094,25.12,88,20,3.09,BR,1738566009
556,aleksandrovsk-sakhalinskiy,50.8975,142.1561,-13.23,99,100,1.66,RU,1738566787
557,vendas novas,38.6771,-8.4579,3.81,87,3,2.78,PT,1738566788
558,arezzo,43.4724,11.869,6.87,89,41,2.91,IT,1738566789
559,taltal,-25.4,-70.4833,18.97,84,7,0.88,CL,1738566790
560,shirgaon,19.7,72.7,26.88,45,65,5.54,IN,1738566792
561,tougue,11.4667,-11.6,13.72,22,100,0.23,GN,1738566793
562,tamanrasset,22.785,5.5228,2.95,32,0,1.03,DZ,1738566794
563,taroa,8.7058,171.2275,27.33,76,22,9.82,MH,1738566795
564,xiangcheng chengguanzhen,33.847,113.4778,9.06,30,0,7.67,CN,1738566796
565,el jadid,33.2549,-8.506,14.49,68,100,5.23,MA,1738566799
566,labytnangi,66.6572,66.4183,-23.49,95,100,6.76,RU,1738566800
